{
    "gitignore": {
        "branch": "master",
        "description": "Nix function for filtering local git sources",
        "homepage": "",
        "owner": "hercules-ci",
        "repo": "gitignore",
        "rev": "c4662e662462e7bf3c2a968483478a665d00e717",
        "sha256": "1npnx0h6bd0d7ql93ka7azhj40zgjp815fw2r6smg8ch9p7mzdlx",
        "type": "tarball",
        "url": "https://github.com/hercules-ci/gitignore/archive/c4662e662462e7bf3c2a968483478a665d00e717.tar.gz",
        "url_template": "https://github.com/<owner>/<repo>/archive/<rev>.tar.gz"
    },
    "niv": {
        "branch": "master",
        "description": "Easy dependency management for Nix projects",
        "homepage": "https://github.com/nmattia/niv",
        "owner": "nmattia",
        "repo": "niv",
        "rev": "ba57d5a29b4e0f2085917010380ef3ddc3cf380f",
        "sha256": "1kpsvc53x821cmjg1khvp1nz7906gczq8mp83664cr15h94sh8i4",
        "type": "tarball",
        "url": "https://github.com/nmattia/niv/archive/ba57d5a29b4e0f2085917010380ef3ddc3cf380f.tar.gz",
        "url_template": "https://github.com/<owner>/<repo>/archive/<rev>.tar.gz"
    },
    "nixpkgs": {
        "branch": "nixos-20.09",
        "description": "Nix Packages collection",
        "homepage": "",
        "owner": "NixOS",
        "repo": "nixpkgs",
        "rev": "ffb3aab257e8851b558cdc6079241a7eb0c7239e",
        "sha256": "147d4nsq0334skyr9rghcfnizasvba1pr2rq72axwdldlma0qli1",
        "type": "tarball",
        "url": "https://github.com/NixOS/nixpkgs/archive/ffb3aab257e8851b558cdc6079241a7eb0c7239e.tar.gz",
        "url_template": "https://github.com/<owner>/<repo>/archive/<rev>.tar.gz"
    }
}
